date,sku,region,forecast_units
2025-01-01,JU-021,PL-Central,33.48432330787182
2025-01-02,JU-021,PL-Central,32.728153333067894
2025-01-03,JU-021,PL-Central,32.1245723515749
2025-01-04,JU-021,PL-Central,31.79943886399269
2025-01-05,JU-021,PL-Central,31.709376588463783
2025-01-06,JU-021,PL-Central,32.111461848020554
2025-01-07,JU-021,PL-Central,32.569049924612045
2025-01-01,JU-021,PL-North,33.07612033188343
2025-01-02,JU-021,PL-North,32.28143168985844
2025-01-03,JU-021,PL-North,31.45541551709175
2025-01-04,JU-021,PL-North,30.645162284374237
2025-01-05,JU-021,PL-North,30.076152428984642
2025-01-06,JU-021,PL-North,30.128396093845367
2025-01-07,JU-021,PL-North,30.086283802986145
2025-01-01,JU-021,PL-South,34.71412821114063
2025-01-02,JU-021,PL-South,33.31089985370636
2025-01-03,JU-021,PL-South,31.817885354161263
2025-01-04,JU-021,PL-South,31.01437211036682
2025-01-05,JU-021,PL-South,30.046734496951103
2025-01-06,JU-021,PL-South,29.49880412220955
2025-01-07,JU-021,PL-South,28.871499001979828
2025-01-01,MI-002,PL-Central,39.01981048285961
2025-01-02,MI-002,PL-Central,38.88177099823952
2025-01-03,MI-002,PL-Central,38.93747994303703
2025-01-04,MI-002,PL-Central,39.0051209628582
2025-01-05,MI-002,PL-Central,38.98248191177845
2025-01-06,MI-002,PL-Central,39.29756569862366
2025-01-07,MI-002,PL-Central,39.3653467297554
2025-01-01,MI-002,PL-North,41.166004970669746
2025-01-02,MI-002,PL-North,41.41404278576374
2025-01-03,MI-002,PL-North,41.82049950957298
2025-01-04,MI-002,PL-North,42.8188890516758
2025-01-05,MI-002,PL-North,43.86113324761391
2025-01-06,MI-002,PL-North,45.219021275639534
2025-01-07,MI-002,PL-North,46.729630529880524
2025-01-01,MI-002,PL-South,40.25015598535538
2025-01-02,MI-002,PL-South,40.07413065433502
2025-01-03,MI-002,PL-South,40.089944154024124
2025-01-04,MI-002,PL-South,40.37019623816013
2025-01-05,MI-002,PL-South,40.686757922172546
2025-01-06,MI-002,PL-South,41.68197776377201
2025-01-07,MI-002,PL-South,42.666583970189095
2025-01-01,MI-006,PL-Central,37.37123952805996
2025-01-02,MI-006,PL-Central,37.263450264930725
2025-01-03,MI-006,PL-Central,37.18937650322914
2025-01-04,MI-006,PL-Central,37.53336873650551
2025-01-05,MI-006,PL-Central,37.9963783621788
2025-01-06,MI-006,PL-Central,38.73765268921852
2025-01-07,MI-006,PL-Central,39.47695519030094
2024-12-31,MI-006,PL-North,35.37357759475708
2025-01-01,MI-006,PL-North,36.08311991393566
2025-01-02,MI-006,PL-North,36.58758844435215
2025-01-03,MI-006,PL-North,37.24070231616497
2025-01-04,MI-006,PL-North,38.467384189367294
2025-01-05,MI-006,PL-North,40.122632905840874
2025-01-06,MI-006,PL-North,42.29842033982277
2025-01-01,MI-006,PL-South,35.21872119605541
2025-01-02,MI-006,PL-South,34.51069566607475
2025-01-03,MI-006,PL-South,33.63860021531582
2025-01-04,MI-006,PL-South,33.04038244485855
2025-01-05,MI-006,PL-South,32.225757747888565
2025-01-06,MI-006,PL-South,31.74049410223961
2025-01-07,MI-006,PL-South,31.344896033406258
2025-01-01,MI-008,PL-Central,35.78210337460041
2025-01-02,MI-008,PL-Central,35.465195551514626
2025-01-03,MI-008,PL-Central,35.07981052994728
2025-01-04,MI-008,PL-Central,35.03585475683212
2025-01-05,MI-008,PL-Central,34.700982704758644
2025-01-06,MI-008,PL-Central,34.698275819420815
2025-01-07,MI-008,PL-Central,34.93568444252014
2025-01-01,MI-008,PL-North,32.30149997770786
2025-01-02,MI-008,PL-North,32.2061600536108
2025-01-03,MI-008,PL-North,32.38297100365162
2025-01-04,MI-008,PL-North,32.91889540851116
2025-01-05,MI-008,PL-North,33.56481425464153
2025-01-06,MI-008,PL-North,34.79582481086254
2025-01-07,MI-008,PL-North,36.38291524350643
2025-01-01,MI-008,PL-South,35.19997523725033
2025-01-02,MI-008,PL-South,35.144690215587616
2025-01-03,MI-008,PL-South,35.35678790509701
2025-01-04,MI-008,PL-South,35.805415257811546
2025-01-05,MI-008,PL-South,36.457424595952034
2025-01-06,MI-008,PL-South,37.842669278383255
2025-01-07,MI-008,PL-South,39.282876178622246
2025-01-01,MI-011,PL-Central,33.48115360736847
2025-01-02,MI-011,PL-Central,33.58385968208313
2025-01-03,MI-011,PL-Central,34.02480585873127
2025-01-04,MI-011,PL-Central,34.815523624420166
2025-01-05,MI-011,PL-Central,35.83225075900555
2025-01-06,MI-011,PL-Central,37.298702001571655
2025-01-07,MI-011,PL-Central,38.91839173436165
2025-01-01,MI-011,PL-North,34.63242772221565
2025-01-02,MI-011,PL-North,34.79411356151104
2025-01-03,MI-011,PL-North,35.06056675314903
2025-01-04,MI-011,PL-North,35.51853208243847
2025-01-05,MI-011,PL-North,36.03995364904404
2025-01-06,MI-011,PL-North,37.062965735793114
2025-01-07,MI-011,PL-North,38.20509633421898
2025-01-01,MI-011,PL-South,35.44556285440922
2025-01-02,MI-011,PL-South,34.61727538704872
2025-01-03,MI-011,PL-South,33.75662197172642
2025-01-04,MI-011,PL-South,33.10263302922249
2025-01-05,MI-011,PL-South,32.83429357409477
2025-01-06,MI-011,PL-South,33.064227148890495
2025-01-07,MI-011,PL-South,33.41999199986458
2025-01-01,MI-022,PL-Central,35.44969707727432
2025-01-02,MI-022,PL-Central,35.77834640443325
2025-01-03,MI-022,PL-Central,36.32938814163208
2025-01-04,MI-022,PL-Central,37.200974106788635
2025-01-05,MI-022,PL-Central,38.65117625892162
2025-01-06,MI-022,PL-Central,40.38560914993286
2025-01-07,MI-022,PL-Central,42.18695577979088
2025-01-01,MI-022,PL-North,36.29909513890743
2025-01-02,MI-022,PL-North,36.45392042398453
2025-01-03,MI-022,PL-North,36.61676524579525
2025-01-04,MI-022,PL-North,37.066699370741844
2025-01-05,MI-022,PL-North,38.10205578804016
2025-01-06,MI-022,PL-North,39.374700263142586
2025-01-07,MI-022,PL-North,40.97657744586468
2025-01-01,MI-022,PL-South,34.961139276623726
2025-01-02,MI-022,PL-South,35.18973107635975
2025-01-03,MI-022,PL-South,35.301821798086166
2025-01-04,MI-022,PL-South,35.65051607787609
2025-01-05,MI-022,PL-South,36.10539726912975
2025-01-06,MI-022,PL-South,37.250717014074326
2025-01-07,MI-022,PL-South,38.38613095879555
2025-01-01,MI-023,PL-Central,40.911654978990555
2025-01-02,MI-023,PL-Central,40.36460745334625
2025-01-03,MI-023,PL-Central,40.21603600680828
2025-01-04,MI-023,PL-Central,40.343570753932
2025-01-05,MI-023,PL-Central,40.258541107177734
2025-01-06,MI-023,PL-Central,40.21562764048576
2025-01-07,MI-023,PL-Central,40.023979380726814
2025-01-01,MI-023,PL-North,40.88554286956787
2025-01-02,MI-023,PL-North,40.095287919044495
2025-01-03,MI-023,PL-North,39.35542148351669
2025-01-04,MI-023,PL-North,39.01719304919243
2025-01-05,MI-023,PL-North,38.61794690787792
2025-01-06,MI-023,PL-North,38.26968044042587
2025-01-07,MI-023,PL-North,37.9152145832777
2025-01-01,MI-023,PL-South,40.42989161610603
2025-01-02,MI-023,PL-South,40.58768047392368
2025-01-03,MI-023,PL-South,41.07824510335922
2025-01-04,MI-023,PL-South,41.90643145143986
2025-01-05,MI-023,PL-South,42.5463298112154
2025-01-06,MI-023,PL-South,43.60362911224365
2025-01-07,MI-023,PL-South,44.55735893547535
2025-01-01,MI-026,PL-Central,42.35182298719883
2025-01-02,MI-026,PL-Central,42.443417608737946
2025-01-03,MI-026,PL-Central,43.044812858104706
2025-01-04,MI-026,PL-Central,43.88490016758442
2025-01-05,MI-026,PL-Central,44.87617635726929
2025-01-06,MI-026,PL-Central,46.11995905637741
2025-01-07,MI-026,PL-Central,47.39327636361122
2025-01-01,MI-026,PL-North,43.83843585848808
2025-01-02,MI-026,PL-North,43.41152581572533
2025-01-03,MI-026,PL-North,43.82456696033478
2025-01-04,MI-026,PL-North,44.81629818677902
2025-01-05,MI-026,PL-North,46.063643395900726
2025-01-06,MI-026,PL-North,47.70630665123463
2025-01-07,MI-026,PL-North,49.3000398427248
2025-01-01,MI-026,PL-South,43.788724064826965
2025-01-02,MI-026,PL-South,43.966907903552055
2025-01-03,MI-026,PL-South,44.39806106686592
2025-01-04,MI-026,PL-South,44.86315141618252
2025-01-05,MI-026,PL-South,45.382958963513374
2025-01-06,MI-026,PL-South,46.45634789764881
2025-01-07,MI-026,PL-South,47.37753286957741
2025-01-01,RE-004,PL-Central,48.10856692492962
2025-01-02,RE-004,PL-Central,48.614272221922874
2025-01-03,RE-004,PL-Central,48.8224495947361
2025-01-04,RE-004,PL-Central,48.784140944480896
2025-01-05,RE-004,PL-Central,48.633640453219414
2025-01-06,RE-004,PL-Central,48.56509713828564
2025-01-07,RE-004,PL-Central,48.38897846639156
2025-01-01,RE-004,PL-North,54.24996082484722
2025-01-02,RE-004,PL-North,54.440422877669334
2025-01-03,RE-004,PL-North,55.17757464945316
2025-01-04,RE-004,PL-North,56.64351640641689
2025-01-05,RE-004,PL-North,58.32203033566475
2025-01-06,RE-004,PL-North,60.29736824333668
2025-01-07,RE-004,PL-North,62.319131568074226
2025-01-01,RE-004,PL-South,52.93843598663807
2025-01-02,RE-004,PL-South,53.15735922753811
2025-01-03,RE-004,PL-South,53.61881706118584
2025-01-04,RE-004,PL-South,54.31680844724178
2025-01-05,RE-004,PL-South,55.056453198194504
2025-01-06,RE-004,PL-South,56.06809714436531
2025-01-07,RE-004,PL-South,57.09516955912113
2025-01-01,RE-007,PL-Central,59.01207607984543
2025-01-02,RE-007,PL-Central,58.89195804297924
2025-01-03,RE-007,PL-Central,58.85308934748173
2025-01-04,RE-007,PL-Central,58.963935524225235
2025-01-05,RE-007,PL-Central,58.742060378193855
2025-01-06,RE-007,PL-Central,58.78498162329197
2025-01-07,RE-007,PL-Central,58.67065072059631
2025-01-01,RE-007,PL-North,49.8845753967762
2025-01-02,RE-007,PL-North,49.57941296696663
2025-01-03,RE-007,PL-North,49.24798674881458
2025-01-04,RE-007,PL-North,48.929927721619606
2025-01-05,RE-007,PL-North,48.41005016863346
2025-01-06,RE-007,PL-North,48.339803382754326
2025-01-07,RE-007,PL-North,48.13314279913902
2025-01-01,RE-007,PL-South,50.90323546528816
2025-01-02,RE-007,PL-South,51.53345748782158
2025-01-03,RE-007,PL-South,51.81707762181759
2025-01-04,RE-007,PL-South,51.976251035928726
2025-01-05,RE-007,PL-South,51.8515787422657
2025-01-06,RE-007,PL-South,51.98563179373741
2025-01-07,RE-007,PL-South,52.06390978395939
2025-01-01,RE-015,PL-Central,50.46932874619961
2025-01-02,RE-015,PL-Central,50.98573713004589
2025-01-03,RE-015,PL-Central,52.04761791229248
2025-01-04,RE-015,PL-Central,53.39416502416134
2025-01-05,RE-015,PL-Central,54.86878748238087
2025-01-06,RE-015,PL-Central,56.519205808639526
2025-01-07,RE-015,PL-Central,58.25567275285721
2025-01-01,RE-015,PL-North,55.42483462393284
2025-01-02,RE-015,PL-North,55.06705516576767
2025-01-03,RE-015,PL-North,54.74768936634064
2025-01-04,RE-015,PL-North,54.35005724430084
2025-01-05,RE-015,PL-North,53.662574484944344
2025-01-06,RE-015,PL-North,53.218656957149506
2025-01-07,RE-015,PL-North,52.539998799562454
2025-01-01,RE-015,PL-South,50.393672078847885
2025-01-02,RE-015,PL-South,50.168039962649345
2025-01-03,RE-015,PL-South,49.75035510957241
2025-01-04,RE-015,PL-South,49.3586812466383
2025-01-05,RE-015,PL-South,48.82720220088959
2025-01-06,RE-015,PL-South,48.51572370529175
2025-01-07,RE-015,PL-South,47.906219467520714
2025-01-01,RE-017,PL-Central,54.98989726603031
2025-01-02,RE-017,PL-Central,55.56133398413658
2025-01-03,RE-017,PL-Central,56.857640370726585
2025-01-04,RE-017,PL-Central,58.77314677834511
2025-01-05,RE-017,PL-Central,60.66198492050171
2025-01-06,RE-017,PL-Central,62.7457110285759
2025-01-07,RE-017,PL-Central,64.80230216681957
2025-01-01,RE-017,PL-North,51.128727570176125
2025-01-02,RE-017,PL-North,50.94728846848011
2025-01-03,RE-017,PL-North,51.475609481334686
2025-01-04,RE-017,PL-North,52.494747921824455
2025-01-05,RE-017,PL-North,53.508107006549835
2025-01-06,RE-017,PL-North,54.75862191617489
2025-01-07,RE-017,PL-North,56.24750219285488
2025-01-01,RE-017,PL-South,53.96250593662262
2025-01-02,RE-017,PL-South,54.25878542661667
2025-01-03,RE-017,PL-South,54.69922989606857
2025-01-04,RE-017,PL-South,55.26136752963066
2025-01-05,RE-017,PL-South,55.629896745085716
2025-01-06,RE-017,PL-South,56.10744032263756
2025-01-07,RE-017,PL-South,56.66645881533623
2025-01-01,RE-025,PL-Central,53.12877747416496
2025-01-02,RE-025,PL-Central,53.76593394577503
2025-01-03,RE-025,PL-Central,54.570621728897095
2025-01-04,RE-025,PL-Central,55.575490683317184
2025-01-05,RE-025,PL-Central,56.60920585691929
2025-01-06,RE-025,PL-Central,58.03855021297932
2025-01-07,RE-025,PL-Central,59.70019666850567
2025-01-01,RE-025,PL-North,51.40228633582592
2025-01-02,RE-025,PL-North,50.8699049949646
2025-01-03,RE-025,PL-North,51.035145565867424
2025-01-04,RE-025,PL-North,51.689169511199
2025-01-05,RE-025,PL-North,52.527141094207764
2025-01-06,RE-025,PL-North,53.619863256812096
2025-01-07,RE-025,PL-North,54.81649325788021
2025-01-01,RE-025,PL-South,52.806521996855736
2025-01-02,RE-025,PL-South,52.99847750365734
2025-01-03,RE-025,PL-South,53.979960680007935
2025-01-04,RE-025,PL-South,55.692178443074226
2025-01-05,RE-025,PL-South,57.72971637547016
2025-01-06,RE-025,PL-South,60.217736810445786
2025-01-07,RE-025,PL-South,62.61312809586525
2025-01-01,SN-010,PL-Central,43.15977770090103
2025-01-02,SN-010,PL-Central,43.74448826909065
2025-01-03,SN-010,PL-Central,45.27485856413841
2025-01-04,SN-010,PL-Central,47.74249179661274
2025-01-05,SN-010,PL-Central,50.41632279753685
2025-01-06,SN-010,PL-Central,53.58571994304657
2025-01-07,SN-010,PL-Central,57.052240535616875
2025-01-01,SN-010,PL-North,46.60225524008274
2025-01-02,SN-010,PL-North,46.7753636687994
2025-01-03,SN-010,PL-North,47.78050875663757
2025-01-04,SN-010,PL-North,49.67878210544586
2025-01-05,SN-010,PL-North,52.04688285291195
2025-01-06,SN-010,PL-North,54.85904502868652
2025-01-07,SN-010,PL-North,57.790788531303406
2025-01-01,SN-010,PL-South,44.451572611927986
2025-01-02,SN-010,PL-South,43.92225207388401
2025-01-03,SN-010,PL-South,43.39196701347828
2025-01-04,SN-010,PL-South,42.77217194437981
2025-01-05,SN-010,PL-South,42.03283832967281
2025-01-06,SN-010,PL-South,41.672842025756836
2025-01-07,SN-010,PL-South,41.24688483774662
2025-01-01,SN-013,PL-Central,38.807751685380936
2025-01-02,SN-013,PL-Central,39.09923578798771
2025-01-03,SN-013,PL-Central,39.58992098271847
2025-01-04,SN-013,PL-Central,40.64776088297367
2025-01-05,SN-013,PL-Central,42.04608495533466
2025-01-06,SN-013,PL-Central,44.0524742603302
2025-01-07,SN-013,PL-Central,46.07189628481865
2025-01-01,SN-013,PL-North,37.285626500844955
2025-01-02,SN-013,PL-North,37.33998200297356
2025-01-03,SN-013,PL-North,37.785851910710335
2025-01-04,SN-013,PL-North,38.889837205410004
2025-01-05,SN-013,PL-North,40.05810324847698
2025-01-06,SN-013,PL-North,41.672935366630554
2025-01-07,SN-013,PL-North,43.534086272120476
2025-01-01,SN-013,PL-South,35.105242028832436
2025-01-02,SN-013,PL-South,34.75803342461586
2025-01-03,SN-013,PL-South,34.45504117012024
2025-01-04,SN-013,PL-South,34.44974407553673
2025-01-05,SN-013,PL-South,34.60868413746357
2025-01-06,SN-013,PL-South,34.91221699118614
2025-01-07,SN-013,PL-South,35.22532895207405
2025-01-01,SN-019,PL-Central,44.927961096167564
2025-01-02,SN-019,PL-Central,44.81968568265438
2025-01-03,SN-019,PL-Central,45.444245025515556
2025-01-04,SN-019,PL-Central,46.933798134326935
2025-01-05,SN-019,PL-Central,48.57168544828892
2025-01-06,SN-019,PL-Central,50.55593740940094
2025-01-07,SN-019,PL-Central,52.780149310827255
2025-01-01,SN-019,PL-North,42.76045377552509
2025-01-02,SN-019,PL-North,42.76218058168888
2025-01-03,SN-019,PL-North,43.04907542467117
2025-01-04,SN-019,PL-North,43.46366447210312
2025-01-05,SN-019,PL-North,43.8962527513504
2025-01-06,SN-019,PL-North,44.68778336048126
2025-01-07,SN-019,PL-North,45.566533237695694
2025-01-01,SN-019,PL-South,43.20686428248882
2025-01-02,SN-019,PL-South,42.97915922105312
2025-01-03,SN-019,PL-South,43.23693948984146
2025-01-04,SN-019,PL-South,43.47113563120365
2025-01-05,SN-019,PL-South,43.56195630133152
2025-01-06,SN-019,PL-South,44.150797203183174
2025-01-07,SN-019,PL-South,44.700061574578285
2025-01-01,SN-027,PL-Central,36.008793354034424
2025-01-02,SN-027,PL-Central,35.809635043144226
2025-01-03,SN-027,PL-Central,36.07841008901596
2025-01-04,SN-027,PL-Central,37.13831126689911
2025-01-05,SN-027,PL-Central,38.43822294473648
2025-01-06,SN-027,PL-Central,40.24403437972069
2025-01-07,SN-027,PL-Central,42.29075860977173
2025-01-01,SN-027,PL-North,36.5867872685194
2025-01-02,SN-027,PL-North,36.03319810330868
2025-01-03,SN-027,PL-North,35.16189216077328
2025-01-04,SN-027,PL-North,34.54603296518326
2025-01-05,SN-027,PL-North,33.84666480123997
2025-01-06,SN-027,PL-North,33.22688528895378
2025-01-07,SN-027,PL-North,32.608132526278496
2025-01-01,SN-027,PL-South,35.377128437161446
2025-01-02,SN-027,PL-South,35.028492495417595
2025-01-03,SN-027,PL-South,34.92199444770813
2025-01-04,SN-027,PL-South,35.484295427799225
2025-01-05,SN-027,PL-South,36.08987934887409
2025-01-06,SN-027,PL-South,37.06817726790905
2025-01-07,SN-027,PL-South,38.08119021356106
2025-01-01,SN-028,PL-Central,42.71679747104645
2025-01-02,SN-028,PL-Central,42.84188590943813
2025-01-03,SN-028,PL-Central,43.27921512722969
2025-01-04,SN-028,PL-Central,43.965958938002586
2025-01-05,SN-028,PL-Central,44.304218485951424
2025-01-06,SN-028,PL-Central,44.98193545639515
2025-01-07,SN-028,PL-Central,45.67616209387779
2025-01-01,SN-028,PL-North,43.891694605350494
2025-01-02,SN-028,PL-North,43.890625074505806
2025-01-03,SN-028,PL-North,43.970688208937645
2025-01-04,SN-028,PL-North,44.08201664686203
2025-01-05,SN-028,PL-North,43.98590277135372
2025-01-06,SN-028,PL-North,44.145675122737885
2025-01-07,SN-028,PL-North,44.43428899347782
2024-12-31,SN-028,PL-South,44.64609110355377
2025-01-01,SN-028,PL-South,44.82503333687782
2025-01-02,SN-028,PL-South,44.826942935585976
2025-01-03,SN-028,PL-South,44.91863867640495
2025-01-04,SN-028,PL-South,45.34352244436741
2025-01-05,SN-028,PL-South,45.87246184051037
2025-01-06,SN-028,PL-South,46.4785163551569
2025-01-01,SN-030,PL-Central,43.368876814842224
2025-01-02,SN-030,PL-Central,43.27530647814274
2025-01-03,SN-030,PL-Central,43.54787738621235
2025-01-04,SN-030,PL-Central,44.01437562704086
2025-01-05,SN-030,PL-Central,44.29025235772133
2025-01-06,SN-030,PL-Central,44.949970096349716
2025-01-07,SN-030,PL-Central,45.611006274819374
2025-01-01,SN-030,PL-North,42.44083517789841
2025-01-02,SN-030,PL-North,42.31354933977127
2025-01-03,SN-030,PL-North,42.31948037445545
2025-01-04,SN-030,PL-North,42.40019300580025
2025-01-05,SN-030,PL-North,42.07067249715328
2025-01-06,SN-030,PL-North,41.92316669225693
2025-01-07,SN-030,PL-North,41.63447892665863
2025-01-01,SN-030,PL-South,43.787040039896965
2025-01-02,SN-030,PL-South,44.00792343914509
2025-01-03,SN-030,PL-South,44.56743197143078
2025-01-04,SN-030,PL-South,45.49062766134739
2025-01-05,SN-030,PL-South,46.29821678996086
2025-01-06,SN-030,PL-South,47.46967586874962
2025-01-07,SN-030,PL-South,48.74688237905502
2025-01-01,YO-001,PL-Central,36.33139497041702
2025-01-02,YO-001,PL-Central,36.29699496924877
2025-01-03,YO-001,PL-Central,36.27699279785156
2025-01-04,YO-001,PL-Central,36.649784579873085
2025-01-05,YO-001,PL-Central,36.89397597312927
2025-01-06,YO-001,PL-Central,37.392035096883774
2025-01-07,YO-001,PL-Central,37.61256846785545
2025-01-01,YO-001,PL-North,36.78018955886364
2025-01-02,YO-001,PL-North,36.6340099722147
2025-01-03,YO-001,PL-North,36.15044590830803
2025-01-04,YO-001,PL-North,35.850421115756035
2025-01-05,YO-001,PL-North,35.53738693892956
2025-01-06,YO-001,PL-North,35.50805068016052
2025-01-07,YO-001,PL-North,35.53178648650646
2025-01-01,YO-001,PL-South,36.047051444649696
2025-01-02,YO-001,PL-South,36.19653685390949
2025-01-03,YO-001,PL-South,36.56281033158302
2025-01-04,YO-001,PL-South,37.45971500873566
2025-01-05,YO-001,PL-South,38.48845978081226
2025-01-06,YO-001,PL-South,39.849210262298584
2025-01-07,YO-001,PL-South,41.38637110590935
2025-01-01,YO-003,PL-Central,42.04091231524944
2025-01-02,YO-003,PL-Central,42.43933394551277
2025-01-03,YO-003,PL-Central,43.519400641322136
2025-01-04,YO-003,PL-Central,45.31747256219387
2025-01-05,YO-003,PL-Central,47.321979492902756
2025-01-06,YO-003,PL-Central,49.78562240302563
2025-01-07,YO-003,PL-Central,52.40214988589287
2025-01-01,YO-003,PL-North,43.5584132373333
2025-01-02,YO-003,PL-North,43.58269353210926
2025-01-03,YO-003,PL-North,44.121009796857834
2025-01-04,YO-003,PL-North,45.21801786124706
2025-01-05,YO-003,PL-North,46.13991844654083
2025-01-06,YO-003,PL-North,47.558147460222244
2025-01-07,YO-003,PL-North,48.97719709575176
2025-01-01,YO-003,PL-South,40.86116534471512
2025-01-02,YO-003,PL-South,40.46276704967022
2025-01-03,YO-003,PL-South,40.47454355657101
2025-01-04,YO-003,PL-South,40.71726094186306
2025-01-05,YO-003,PL-South,40.867496967315674
2025-01-06,YO-003,PL-South,41.31113836169243
2025-01-07,YO-003,PL-South,41.89197917282581
2025-01-01,YO-005,PL-Central,43.32129241526127
2025-01-02,YO-005,PL-Central,42.73508061468601
2025-01-03,YO-005,PL-Central,42.2400628477335
2025-01-04,YO-005,PL-Central,41.61577185988426
2025-01-05,YO-005,PL-Central,40.76435141265392
2025-01-06,YO-005,PL-Central,40.1375946700573
2025-01-07,YO-005,PL-Central,39.47812972962856
2025-01-01,YO-005,PL-North,42.72673827409744
2025-01-02,YO-005,PL-North,42.44142244756222
2025-01-03,YO-005,PL-North,42.53461553156376
2025-01-04,YO-005,PL-North,42.875457510352135
2025-01-05,YO-005,PL-North,43.069940999150276
2025-01-06,YO-005,PL-North,43.45620886981487
2025-01-07,YO-005,PL-North,43.844001308083534
2025-01-01,YO-005,PL-South,41.52954822778702
2025-01-02,YO-005,PL-South,41.252582520246506
2025-01-03,YO-005,PL-South,41.05550104379654
2025-01-04,YO-005,PL-South,41.327523574233055
2025-01-05,YO-005,PL-South,41.486798107624054
2025-01-06,YO-005,PL-South,42.007760748267174
2025-01-07,YO-005,PL-South,42.556344509124756
2025-01-01,YO-009,PL-Central,41.43966096639633
2025-01-02,YO-009,PL-Central,40.74757727980614
2025-01-03,YO-009,PL-Central,39.84195300936699
2025-01-04,YO-009,PL-Central,39.64129735529423
2025-01-05,YO-009,PL-Central,39.21304553747177
2025-01-06,YO-009,PL-Central,39.183118119835854
2025-01-07,YO-009,PL-Central,39.27322317659855
2025-01-01,YO-009,PL-North,43.07878504693508
2025-01-02,YO-009,PL-North,43.05702495574951
2025-01-03,YO-009,PL-North,42.84894870221615
2025-01-04,YO-009,PL-North,42.180262461304665
2025-01-05,YO-009,PL-North,41.17029087245464
2025-01-06,YO-009,PL-North,40.2778237760067
2025-01-07,YO-009,PL-North,39.30957944691181
2025-01-01,YO-009,PL-South,42.06248961389065
2025-01-02,YO-009,PL-South,41.57029540836811
2025-01-03,YO-009,PL-South,41.39804649353027
2025-01-04,YO-009,PL-South,41.65299542248249
2025-01-05,YO-009,PL-South,41.80328978598118
2025-01-06,YO-009,PL-South,42.40082694590092
2025-01-07,YO-009,PL-South,42.97792245447636
2025-01-01,YO-012,PL-Central,42.42679126560688
2025-01-02,YO-012,PL-Central,42.139227479696274
2025-01-03,YO-012,PL-Central,41.82114511728287
2025-01-04,YO-012,PL-Central,41.41928932070732
2025-01-05,YO-012,PL-Central,40.85624550282955
2025-01-06,YO-012,PL-Central,40.377566277980804
2025-01-07,YO-012,PL-Central,39.970775082707405
2025-01-01,YO-012,PL-North,39.98233379423618
2025-01-02,YO-012,PL-North,39.32381393015385
2025-01-03,YO-012,PL-North,39.116328835487366
2025-01-04,YO-012,PL-North,39.10055033862591
2025-01-05,YO-012,PL-North,39.17616422474384
2025-01-06,YO-012,PL-North,39.583671033382416
2025-01-07,YO-012,PL-North,40.20271548628807
2025-01-01,YO-012,PL-South,42.0599499642849
2025-01-02,YO-012,PL-South,42.40473559498787
2025-01-03,YO-012,PL-South,43.014099821448326
2025-01-04,YO-012,PL-South,44.03361162543297
2025-01-05,YO-012,PL-South,45.06987422704697
2025-01-06,YO-012,PL-South,46.549544870853424
2025-01-07,YO-012,PL-South,48.085383385419846
2025-01-01,YO-014,PL-Central,35.511935994029045
2025-01-02,YO-014,PL-Central,35.25140994787216
2025-01-03,YO-014,PL-Central,35.11517894268036
2025-01-04,YO-014,PL-Central,34.95663169026375
2025-01-05,YO-014,PL-Central,34.924981355667114
2025-01-06,YO-014,PL-Central,35.535842925310135
2025-01-07,YO-014,PL-Central,36.26278553903103
2025-01-01,YO-014,PL-North,36.24504688382149
2025-01-02,YO-014,PL-North,35.413084119558334
2025-01-03,YO-014,PL-North,34.38680899143219
2025-01-04,YO-014,PL-North,33.9165693372488
2025-01-05,YO-014,PL-North,33.347971737384796
2025-01-06,YO-014,PL-North,33.12422199547291
2025-01-07,YO-014,PL-North,32.911715939641
2025-01-01,YO-014,PL-South,35.24769575893879
2025-01-02,YO-014,PL-South,34.73125237226486
2025-01-03,YO-014,PL-South,34.19057147204876
2025-01-04,YO-014,PL-South,34.09733171761036
2025-01-05,YO-014,PL-South,34.263455137610435
2025-01-06,YO-014,PL-South,34.76796256005764
2025-01-07,YO-014,PL-South,35.34299290180206
2025-01-01,YO-016,PL-Central,44.05361379683018
2025-01-02,YO-016,PL-Central,44.10318557918072
2025-01-03,YO-016,PL-Central,43.92641741037369
2025-01-04,YO-016,PL-Central,43.52682512998581
2025-01-05,YO-016,PL-Central,42.61571319401264
2025-01-06,YO-016,PL-Central,41.808699667453766
2025-01-07,YO-016,PL-Central,40.95514015853405
2025-01-01,YO-016,PL-North,40.45305570960045
2025-01-02,YO-016,PL-North,40.73519794642925
2025-01-03,YO-016,PL-North,40.99060580134392
2025-01-04,YO-016,PL-North,41.1175571680069
2025-01-05,YO-016,PL-North,40.95997832715511
2025-01-06,YO-016,PL-North,41.12954369187355
2025-01-07,YO-016,PL-North,40.951616540551186
2025-01-01,YO-016,PL-South,39.458395913243294
2025-01-02,YO-016,PL-South,39.11399531364441
2025-01-03,YO-016,PL-South,38.90024471282959
2025-01-04,YO-016,PL-South,39.31234855949879
2025-01-05,YO-016,PL-South,39.53830347955227
2025-01-06,YO-016,PL-South,40.09087756276131
2025-01-07,YO-016,PL-South,40.85250408947468
2025-01-01,YO-018,PL-Central,42.32301177084446
2025-01-02,YO-018,PL-Central,42.37083341181278
2025-01-03,YO-018,PL-Central,42.718108132481575
2025-01-04,YO-018,PL-Central,43.297793850302696
2025-01-05,YO-018,PL-Central,43.97020594775677
2025-01-06,YO-018,PL-Central,45.14901562035084
2025-01-07,YO-018,PL-Central,46.2569445669651
2025-01-01,YO-018,PL-North,42.957010209560394
2025-01-02,YO-018,PL-North,42.69236549735069
2025-01-03,YO-018,PL-North,42.56469851732254
2025-01-04,YO-018,PL-North,42.7337543964386
2025-01-05,YO-018,PL-North,42.995851680636406
2025-01-06,YO-018,PL-North,43.53126659989357
2025-01-07,YO-018,PL-North,44.04111389815807
2025-01-01,YO-018,PL-South,42.35972584784031
2025-01-02,YO-018,PL-South,42.45228499174118
2025-01-03,YO-018,PL-South,42.45426070690155
2025-01-04,YO-018,PL-South,42.465978875756264
2025-01-05,YO-018,PL-South,42.33820299804211
2025-01-06,YO-018,PL-South,42.41080664098263
2025-01-07,YO-018,PL-South,42.62471669912338
2025-01-01,YO-020,PL-Central,41.66302178800106
2025-01-02,YO-020,PL-Central,41.202983513474464
2025-01-03,YO-020,PL-Central,40.77185368537903
2025-01-04,YO-020,PL-Central,40.35682126879692
2025-01-05,YO-020,PL-Central,39.550052762031555
2025-01-06,YO-020,PL-Central,38.92417497932911
2025-01-07,YO-020,PL-Central,38.45240297913551
2025-01-01,YO-020,PL-North,42.685664400458336
2025-01-02,YO-020,PL-North,42.756362333893776
2025-01-03,YO-020,PL-North,42.690296441316605
2025-01-04,YO-020,PL-North,42.72242125868797
2025-01-05,YO-020,PL-North,42.607448637485504
2025-01-06,YO-020,PL-North,42.52873894572258
2025-01-07,YO-020,PL-North,42.335783913731575
2025-01-01,YO-020,PL-South,42.11120577156544
2025-01-02,YO-020,PL-South,42.06773614883423
2025-01-03,YO-020,PL-South,42.31213755905628
2025-01-04,YO-020,PL-South,42.73533730208874
2025-01-05,YO-020,PL-South,43.0423626601696
2025-01-06,YO-020,PL-South,43.37557013332844
2025-01-07,YO-020,PL-South,43.739319518208504
2025-01-01,YO-024,PL-Central,44.03521786630154
2025-01-02,YO-024,PL-Central,43.69144731760025
2025-01-03,YO-024,PL-Central,44.1008326113224
2025-01-04,YO-024,PL-Central,44.804494455456734
2025-01-05,YO-024,PL-Central,45.4254679530859
2025-01-06,YO-024,PL-Central,46.28525407612324
2025-01-07,YO-024,PL-Central,47.13871246576309
2025-01-01,YO-024,PL-North,46.568870320916176
2025-01-02,YO-024,PL-North,46.27613000571728
2025-01-03,YO-024,PL-North,45.59554669260979
2025-01-04,YO-024,PL-North,44.79424640536308
2025-01-05,YO-024,PL-North,43.751889422535896
2025-01-06,YO-024,PL-North,42.875333055853844
2025-01-07,YO-024,PL-North,42.143159464001656
2025-01-01,YO-024,PL-South,42.47773204743862
2025-01-02,YO-024,PL-South,42.43887113034725
2025-01-03,YO-024,PL-South,42.29337215423584
2025-01-04,YO-024,PL-South,42.01792323589325
2025-01-05,YO-024,PL-South,41.39188988506794
2025-01-06,YO-024,PL-South,41.051782965660095
2025-01-07,YO-024,PL-South,40.554069980978966
2025-01-01,YO-029,PL-Central,42.590713396668434
2025-01-02,YO-029,PL-Central,42.944331407547
2025-01-03,YO-029,PL-Central,42.96095386147499
2025-01-04,YO-029,PL-Central,42.9943737834692
2025-01-05,YO-029,PL-Central,42.7193915694952
2025-01-06,YO-029,PL-Central,42.59969745576382
2025-01-07,YO-029,PL-Central,42.634148016572
2025-01-01,YO-029,PL-North,41.01703682541847
2025-01-02,YO-029,PL-North,39.978413477540016
2025-01-03,YO-029,PL-North,38.762395799160004
2025-01-04,YO-029,PL-North,37.683145835995674
2025-01-05,YO-029,PL-North,36.57975170016289
2025-01-06,YO-029,PL-North,35.84094312787056
2025-01-07,YO-029,PL-North,35.15118518471718
2024-12-31,YO-029,PL-South,42.800955936312675
2025-01-01,YO-029,PL-South,43.550627052783966
2025-01-02,YO-029,PL-South,44.21765260398388
2025-01-03,YO-029,PL-South,45.61946140229702
2025-01-04,YO-029,PL-South,47.38727532327175
2025-01-05,YO-029,PL-South,48.964319944381714
2025-01-06,YO-029,PL-South,51.104575619101524
