sku,region,forecast_7d_demand,current_stock,stock_gap,signal
SN-010,PL-Central,340.97589960694313,0.0,340.97589960694313,REPLENISH
SN-010,PL-North,355.53362618386745,131.0,224.53362618386745,REPLENISH
RE-017,PL-Central,414.39201651513577,200.0,214.39201651513577,REPLENISH
RE-025,PL-South,396.03771990537643,238.0,158.03771990537643,REPLENISH
YO-003,PL-Central,322.8268712460995,173.0,149.82687124609947,REPLENISH
RE-004,PL-North,401.45000490546227,257.0,144.45000490546227,REPLENISH
RE-025,PL-Central,391.38877657055855,255.0,136.38877657055855,REPLENISH
SN-019,PL-Central,334.03346210718155,234.0,100.03346210718155,REPLENISH
RE-017,PL-North,370.560604557395,290.0,80.56060455739498,REPLENISH
MI-026,PL-North,318.96081671118736,247.0,71.96081671118736,REPLENISH
SN-028,PL-South,316.9112066924572,252.0,64.9112066924572,REPLENISH
YO-029,PL-South,323.64486788213253,262.0,61.64486788213253,REPLENISH
RE-015,PL-Central,376.5405148565769,319.0,57.54051485657692,REPLENISH
YO-012,PL-South,311.2171994894743,254.0,57.2171994894743,REPLENISH
MI-002,PL-North,303.02922137081623,249.0,54.02922137081623,REPLENISH
SN-027,PL-Central,266.0081656873226,217.0,49.00816568732262,REPLENISH
MI-011,PL-Central,247.95468726754189,202.0,45.954687267541885,REPLENISH
MI-022,PL-North,264.8898136764765,220.0,44.88981367647648,REPLENISH
SN-013,PL-North,276.56642250716686,232.0,44.56642250716686,REPLENISH
SN-013,PL-Central,290.3151248395443,246.0,44.315124839544296,REPLENISH
MI-026,PL-Central,310.1143653988838,267.0,43.11436539888382,REPLENISH
YO-003,PL-North,319.1553974300623,284.0,35.155397430062294,REPLENISH
MI-022,PL-Central,265.98214691877365,235.0,30.98214691877365,REPLENISH
MI-002,PL-South,285.8197466880083,258.0,27.81974668800831,REPLENISH
MI-006,PL-North,266.1734257042408,243.0,23.1734257042408,REPLENISH
YO-001,PL-South,265.99015478789806,249.0,16.990154787898064,REPLENISH
MI-008,PL-North,234.55308075249195,224.0,10.553080752491951,REPLENISH
RE-025,PL-North,365.960004016757,358.0,7.960004016757011,REPLENISH
MI-008,PL-South,255.08983866870403,265.0,-9.910161331295967,SUFFICIENT
YO-018,PL-North,301.5160607993603,313.0,-11.483939200639725,SUFFICIENT
MI-023,PL-South,294.7095665037632,313.0,-18.2904334962368,SUFFICIENT
RE-004,PL-South,382.25114062428474,401.0,-18.748859375715256,SUFFICIENT
MI-022,PL-South,252.84545347094536,285.0,-32.15454652905464,SUFFICIENT
MI-026,PL-South,316.23368418216705,351.0,-34.76631581783295,SUFFICIENT
SN-030,PL-South,320.3677981495857,356.0,-35.632201850414276,SUFFICIENT
SN-030,PL-Central,309.0576650351286,347.0,-37.94233496487141,SUFFICIENT
SN-019,PL-North,306.1859436035156,346.0,-39.814056396484375,SUFFICIENT
RE-007,PL-Central,411.91875171661377,458.0,-46.08124828338623,SUFFICIENT
YO-018,PL-Central,306.0859133005142,353.0,-46.91408669948578,SUFFICIENT
RE-017,PL-South,386.585684671998,435.0,-48.414315328001976,SUFFICIENT
MI-011,PL-North,251.31365583837032,302.0,-50.68634416162968,SUFFICIENT
MI-006,PL-Central,265.5684212744236,336.0,-70.4315787255764,SUFFICIENT
YO-016,PL-South,277.26666963100433,358.0,-80.73333036899567,SUFFICIENT
YO-024,PL-Central,315.48142674565315,401.0,-85.51857325434685,SUFFICIENT
SN-019,PL-South,305.30691370368004,411.0,-105.69308629631996,SUFFICIENT
RE-007,PL-South,362.13114193081856,473.0,-110.86885806918144,SUFFICIENT
SN-027,PL-South,252.0511576384306,368.0,-115.9488423615694,SUFFICIENT
SN-028,PL-Central,307.7661734819412,427.0,-119.23382651805878,SUFFICIENT
YO-005,PL-South,291.2160587310791,418.0,-126.7839412689209,SUFFICIENT
YO-009,PL-South,293.86586612463,422.0,-128.13413387537003,SUFFICIENT
YO-020,PL-South,299.3836690932512,446.0,-146.61633090674877,SUFFICIENT
YO-014,PL-Central,247.5587663948536,396.0,-148.4412336051464,SUFFICIENT
YO-003,PL-South,286.5863513946533,438.0,-151.41364860534668,SUFFICIENT
RE-015,PL-North,379.0108666419983,534.0,-154.9891333580017,SUFFICIENT
YO-029,PL-Central,299.44360949099064,458.0,-158.55639050900936,SUFFICIENT
YO-012,PL-North,276.48557764291763,446.0,-169.51442235708237,SUFFICIENT
MI-002,PL-Central,273.48957672715187,446.0,-172.51042327284813,SUFFICIENT
SN-013,PL-South,243.51429077982903,418.0,-174.48570922017097,SUFFICIENT
YO-001,PL-Central,257.45374685525894,434.0,-176.54625314474106,SUFFICIENT
YO-005,PL-North,300.94838494062424,483.0,-182.05161505937576,SUFFICIENT
MI-023,PL-Central,282.3340173214674,473.0,-190.6659826785326,SUFFICIENT
MI-011,PL-South,236.2406059652567,427.0,-190.7593940347433,SUFFICIENT
JU-021,PL-Central,226.52637621760368,419.0,-192.47362378239632,SUFFICIENT
SN-028,PL-North,308.4008914232254,501.0,-192.5991085767746,SUFFICIENT
YO-029,PL-North,265.0128719508648,462.0,-196.9871280491352,SUFFICIENT
YO-016,PL-North,286.33755518496037,488.0,-201.66244481503963,SUFFICIENT
MI-008,PL-Central,245.69790717959404,449.0,-203.30209282040596,SUFFICIENT
RE-007,PL-North,342.5248991847038,547.0,-204.47510081529617,SUFFICIENT
RE-004,PL-Central,339.9171457439661,545.0,-205.0828542560339,SUFFICIENT
YO-020,PL-North,298.32671593129635,506.0,-207.67328406870365,SUFFICIENT
YO-018,PL-South,297.1059767603874,509.0,-211.89402323961258,SUFFICIENT
YO-014,PL-South,242.6412619203329,456.0,-213.3587380796671,SUFFICIENT
RE-015,PL-South,344.91989377141,559.0,-214.08010622859,SUFFICIENT
YO-001,PL-North,251.99229066073895,469.0,-217.00770933926105,SUFFICIENT
YO-020,PL-Central,280.92131097614765,499.0,-218.07868902385235,SUFFICIENT
YO-009,PL-Central,279.33987544476986,498.0,-218.66012455523014,SUFFICIENT
SN-030,PL-North,295.1023760139942,516.0,-220.89762398600578,SUFFICIENT
MI-023,PL-North,274.156287252903,501.0,-226.84371274709702,SUFFICIENT
JU-021,PL-North,217.748962149024,458.0,-240.251037850976,SUFFICIENT
YO-005,PL-Central,290.2922835499048,538.0,-247.70771645009518,SUFFICIENT
YO-024,PL-South,292.22564139962196,551.0,-258.77435860037804,SUFFICIENT
SN-010,PL-South,299.49052883684635,577.0,-277.50947116315365,SUFFICIENT
MI-006,PL-South,231.71954740583897,511.0,-279.28045259416103,SUFFICIENT
SN-027,PL-North,242.00959311425686,534.0,-291.99040688574314,SUFFICIENT
YO-014,PL-North,239.34541900455952,546.0,-306.6545809954405,SUFFICIENT
YO-012,PL-Central,289.0110400468111,603.0,-313.9889599531889,SUFFICIENT
YO-024,PL-North,312.0051753669977,626.0,-313.9948246330023,SUFFICIENT
YO-016,PL-Central,300.98959493637085,633.0,-332.01040506362915,SUFFICIENT
YO-009,PL-North,291.92271526157856,632.0,-340.07728473842144,SUFFICIENT
JU-021,PL-South,219.27432315051556,565.0,-345.72567684948444,SUFFICIENT
